id,name,model_id,group_id/id,operation,domain
access_stakeholder_organisation_board_member_association_user,stakeholder.organisation.board.member association user,stakeholder.organisation.board.member,group_association_user,crud,
access_stakeholder_organisation_dept_head_association_user,stakeholder.organisation.dept.head association user,stakeholder.organisation.dept.head,group_association_user,crud,
access_stakeholder_organisation_association_membership_association_user,stakeholder.organisation.association.membership association user,stakeholder.organisation.association.membership,group_association_user,crud,
access_stakeholder_facility_association_user,stakeholder.facility association user,stakeholder.facility,group_association_user,cru,
access_stakeholder_skill_program_association_user,stakeholder.skill.program association user,stakeholder.skill.program,group_association_user,cru,
access_stakeholder_association_user,stakeholder.association user,stakeholder.association,group_stakeholder_user,crud,
access_stakeholder_association_member_user,stakeholder.association.member user,stakeholder.association.member,group_stakeholder_user,crud,
access_stakeholder_organisation_user,stakeholder.organisation user,stakeholder.organisation,group_stakeholder_user,crud,
access_stakeholder_organisation_board_member_user,stakeholder.organisation.board.member user,stakeholder.organisation.board.member,group_stakeholder_user,crud,
access_stakeholder_organisation_dept_head_user,stakeholder.organisation.dept.head user,stakeholder.organisation.dept.head,group_stakeholder_user,crud,
access_stakeholder_organisation_association_membership_user,stakeholder.organisation.association.membership user,stakeholder.organisation.association.membership,group_stakeholder_user,crud,
access_stakeholder_parent_user,stakeholder.parent user,stakeholder.parent,group_stakeholder_user,crud,
access_stakeholder_student_user,stakeholder.student user,stakeholder.student,group_stakeholder_user,crud,
access_stakeholder_facility_user,stakeholder.facility user,stakeholder.facility,group_stakeholder_user,crud,
access_stakeholder_skill_program_user,stakeholder.skill.program user,stakeholder.skill.program,group_stakeholder_user,crud,
access_student_profile_user,student.profile.user,student.profile,group_stakeholder_user,crud,
access_stakeholder_association_school_user,stakeholder.association school user,stakeholder.association,group_school_user,r,
access_stakeholder_association_member_school_user,stakeholder.association.member school user,stakeholder.association.member,group_school_user,r,
access_stakeholder_organisation_board_member_school_user,stakeholder.organisation.board.member school user,stakeholder.organisation.board.member,group_school_user,crud,
access_stakeholder_organisation_dept_head_school_user,stakeholder.organisation.dept.head school user,stakeholder.organisation.dept.head,group_school_user,crud,
access_stakeholder_organisation_association_membership_school_user,stakeholder.organisation.association.membership school user,stakeholder.organisation.association.membership,group_school_user,crud,
access_stakeholder_organisation_operation_member_association_user,stakeholder.organisation.operation.member association user,stakeholder.organisation.operation.member,group_association_user,crud,
access_stakeholder_organisation_operation_member_user,stakeholder.organisation.operation.member user,stakeholder.organisation.operation.member,group_stakeholder_user,crud,
access_stakeholder_organisation_operation_member_school_user,stakeholder.organisation.operation.member school user,stakeholder.organisation.operation.member,group_school_user,crud,
access_stakeholder_facility_school_user,stakeholder.facility school user,stakeholder.facility,group_school_user,cru,
access_stakeholder_skill_program_school_user,stakeholder.skill.program school user,stakeholder.skill.program,group_school_user,cru,
